matrix_size,tile_size,threads_per_block,total_blocks,time_ms,gflops,efficiency
1024,4,16,65536,4.107200,522.86,100.0
1024,8,64,16384,1.922976,1116.75,53.4
1024,16,256,4096,2.731904,786.08,9.4
1024,32,1024,1024,4.134752,519.37,1.6
