matrix_size,num_blocks,time_ms,gflops
16,1,0.620448,0.01
32,4,0.013568,4.83
64,16,0.015296,34.28
128,64,0.019776,212.09
256,256,0.067904,494.15
512,1024,0.394528,680.40
1024,4096,3.039520,706.52
2048,16384,22.274401,771.28
4096,65536,174.748962,786.49
