matrix_size,tile_size,threads_per_block,total_blocks,time_ms,gflops,efficiency
1024,4,16,65536,4.541248,472.88,100.0
1024,8,64,16384,2.132160,1007.19,53.2
1024,16,256,4096,3.043648,705.56,9.3
1024,32,1024,1024,4.573024,469.60,1.6
