matrix_size,num_blocks,time_ms,gflops
16,1,1.018496,0.01
32,4,0.014496,4.52
64,16,0.016256,32.25
128,64,0.020672,202.90
256,256,0.069344,483.88
512,1024,0.400288,670.61
1024,4096,3.042720,705.78
